sample_id,image,radgraph_simple,radgraph_partial,radgraph_complete
ctchat_valid_0001,valid_1_a_1.nii.gz,0.6897,0.6207,0.5905
ctchat_valid_0002,valid_1_a_2.nii.gz,0.2278,0.1975,0.1031
ctchat_valid_0003,valid_2_a_1.nii.gz,0.2037,0.1802,0.127
ctchat_valid_0004,valid_2_a_2.nii.gz,0.2037,0.1802,0.127
ctchat_valid_0005,valid_3_a_1.nii.gz,0.1277,0.125,0.0901
ctchat_valid_0006,valid_3_a_2.nii.gz,0.2353,0.1923,0.1311
ctchat_valid_0007,valid_4_a_1.nii.gz,0.129,0.127,0.0571
ctchat_valid_0008,valid_4_a_2.nii.gz,0.1379,0.1379,0.0615
ctchat_valid_0009,valid_4_b_1.nii.gz,0.0842,0.101,0.036
ctchat_valid_0010,valid_4_b_2.nii.gz,0.0619,0.06,0.0177
ctchat_valid_0011,valid_5_a_1.nii.gz,0.1644,0.137,0.125
ctchat_valid_0012,valid_5_a_2.nii.gz,0.1644,0.137,0.125
ctchat_valid_0013,valid_6_a_1.nii.gz,0.5217,0.4789,0.425
ctchat_valid_0014,valid_6_a_2.nii.gz,0.1972,0.1389,0.069
ctchat_valid_0015,valid_7_a_1.nii.gz,0.0576,0.0559,0.0335
ctchat_valid_0016,valid_7_a_2.nii.gz,0.0857,0.0694,0.044
ctchat_valid_0017,valid_7_b_1.nii.gz,0.1395,0.1379,0.0792
ctchat_valid_0018,valid_7_b_2.nii.gz,0.2708,0.268,0.1043
ctchat_valid_0019,valid_8_a_1.nii.gz,0.1481,0.1071,0.0492
ctchat_valid_0020,valid_8_a_2.nii.gz,0.1481,0.1071,0.0492
ctchat_valid_0021,valid_9_a_1.nii.gz,0.1176,0.1165,0.0678
ctchat_valid_0022,valid_9_a_2.nii.gz,0.4902,0.4706,0.4553
ctchat_valid_0023,valid_10_a_1.nii.gz,0.1008,0.065,0.0294
ctchat_valid_0024,valid_10_a_2.nii.gz,0.084,0.0492,0.0294
ctchat_valid_0025,valid_11_a_1.nii.gz,0.0952,0.0952,0.0417
ctchat_valid_0026,valid_11_a_2.nii.gz,0.12,0.1176,0.0678
ctchat_valid_0027,valid_12_a_1.nii.gz,0.1905,0.1607,0.08
ctchat_valid_0028,valid_12_a_2.nii.gz,0.1593,0.15,0.0451
ctchat_valid_0029,valid_13_a_1.nii.gz,0.3133,0.2588,0.202
ctchat_valid_0030,valid_13_a_2.nii.gz,0.3133,0.2588,0.202
ctchat_valid_0031,valid_14_a_1.nii.gz,0.4719,0.3736,0.3469
ctchat_valid_0032,valid_14_a_2.nii.gz,0.2963,0.2195,0.1538
ctchat_valid_0033,valid_15_a_1.nii.gz,0.1081,0.1053,0.0444
ctchat_valid_0034,valid_15_a_2.nii.gz,0.2532,0.225,0.1616
ctchat_valid_0035,valid_16_a_1.nii.gz,0.2667,0.2391,0.0935
ctchat_valid_0036,valid_16_a_2.nii.gz,0.2667,0.2391,0.0935
ctchat_valid_0037,valid_17_a_1.nii.gz,0.1565,0.1186,0.0902
ctchat_valid_0038,valid_17_a_2.nii.gz,0.3652,0.359,0.3188
ctchat_valid_0039,valid_18_a_1.nii.gz,0.1628,0.1348,0.0917
ctchat_valid_0040,valid_18_a_2.nii.gz,0.1429,0.1386,0.0968
ctchat_valid_0041,valid_19_a_1.nii.gz,0.2366,0.2128,0.1176
ctchat_valid_0042,valid_20_a_1.nii.gz,0.1429,0.0833,0.0471
ctchat_valid_0043,valid_20_a_2.nii.gz,0.0845,0.0822,0.023
ctchat_valid_0044,valid_20_b_1.nii.gz,0.0984,0.0645,0.0563
ctchat_valid_0045,valid_20_b_2.nii.gz,0.0845,0.0833,0.0706
ctchat_valid_0046,valid_21_a_1.nii.gz,0.3846,0.3846,0.3516
ctchat_valid_0047,valid_21_a_2.nii.gz,0.4324,0.4324,0.3953
ctchat_valid_0048,valid_22_a_1.nii.gz,0.1101,0.1239,0.0775
ctchat_valid_0049,valid_22_a_2.nii.gz,0.1333,0.1296,0.0806
ctchat_valid_0050,valid_23_a_1.nii.gz,0.1687,0.1667,0.0816
ctchat_valid_0051,valid_23_a_2.nii.gz,0.1687,0.1667,0.0816
ctchat_valid_0052,valid_24_a_1.nii.gz,0.3291,0.2785,0.092
ctchat_valid_0053,valid_24_a_2.nii.gz,0.3421,0.3117,0.1412
ctchat_valid_0054,valid_25_a_1.nii.gz,0.0962,0.0748,0.0328
ctchat_valid_0055,valid_25_a_2.nii.gz,0.0962,0.0748,0.0328
ctchat_valid_0056,valid_26_a_1.nii.gz,0.1961,0.1682,0.1301
ctchat_valid_0057,valid_26_a_2.nii.gz,0.0606,0.0571,0.0351
ctchat_valid_0058,valid_27_a_1.nii.gz,0.0855,0.0847,0.0301
ctchat_valid_0059,valid_27_a_2.nii.gz,0.144,0.127,0.0719
ctchat_valid_0060,valid_27_b_1.nii.gz,0.0625,0.0615,0.0588
ctchat_valid_0061,valid_27_b_2.nii.gz,0.0548,0.0548,0.0513
ctchat_valid_0062,valid_28_a_1.nii.gz,0.1157,0.096,0.0845
ctchat_valid_0063,valid_28_a_2.nii.gz,0.1333,0.128,0.0851
ctchat_valid_0064,valid_29_a_1.nii.gz,0.1212,0.1188,0.0877
ctchat_valid_0065,valid_29_a_2.nii.gz,0.1782,0.1373,0.0826
ctchat_valid_0066,valid_30_a_1.nii.gz,0.2469,0.2381,0.1414
ctchat_valid_0067,valid_31_a_1.nii.gz,0.3636,0.2921,0.2718
ctchat_valid_0068,valid_31_a_2.nii.gz,0.617,0.4375,0.4138
ctchat_valid_0069,valid_32_a_1.nii.gz,0.0896,0.0882,0.0526
ctchat_valid_0070,valid_33_a_1.nii.gz,0.0635,0.0458,0.0132
ctchat_valid_0071,valid_33_a_2.nii.gz,0.1111,0.0909,0.0395
ctchat_valid_0072,valid_34_a_1.nii.gz,0.1446,0.1412,0.0606
ctchat_valid_0073,valid_34_a_2.nii.gz,0.1235,0.122,0.0632
ctchat_valid_0074,valid_35_a_1.nii.gz,0.1389,0.1096,0.0988
ctchat_valid_0075,valid_35_a_2.nii.gz,0.1429,0.1127,0.1013
ctchat_valid_0076,valid_36_a_1.nii.gz,0.1205,0.1205,0.0408
ctchat_valid_0077,valid_37_a_1.nii.gz,0.1067,0.1053,0.0444
ctchat_valid_0078,valid_38_a_1.nii.gz,0.2148,0.2051,0.1387
ctchat_valid_0079,valid_38_a_2.nii.gz,0.2581,0.2454,0.2099
ctchat_valid_0080,valid_39_a_1.nii.gz,0.0962,0.0741,0.0492
ctchat_valid_0081,valid_39_a_2.nii.gz,0.1034,0.1008,0.0735
ctchat_valid_0082,valid_40_a_1.nii.gz,0.0698,0.0682,0.0196
ctchat_valid_0083,valid_40_a_2.nii.gz,0.1818,0.1333,0.0577
ctchat_valid_0084,valid_41_a_1.nii.gz,0.0522,0.065,0.028
ctchat_valid_0085,valid_41_a_2.nii.gz,0.1186,0.08,0.0533
ctchat_valid_0086,valid_41_b_1.nii.gz,0.0645,0.0615,0.0571
ctchat_valid_0087,valid_41_b_2.nii.gz,0.0656,0.0635,0.0588
ctchat_valid_0088,valid_42_a_1.nii.gz,0.1013,0.0506,0.0476
ctchat_valid_0089,valid_43_a_1.nii.gz,0.1111,0.1081,0.0763
ctchat_valid_0090,valid_43_a_2.nii.gz,0.0909,0.0893,0.0602
ctchat_valid_0091,valid_44_a_1.nii.gz,0.4468,0.3505,0.2353
ctchat_valid_0092,valid_44_a_2.nii.gz,0.3256,0.2921,0.1505
ctchat_valid_0093,valid_45_a_1.nii.gz,0.1867,0.1579,0.0899
ctchat_valid_0094,valid_45_a_2.nii.gz,0.1449,0.1449,0.0494
ctchat_valid_0095,valid_46_a_1.nii.gz,0.3918,0.3878,0.3243
ctchat_valid_0096,valid_46_a_2.nii.gz,0.4082,0.3838,0.3393
ctchat_valid_0097,valid_47_a_1.nii.gz,0.1765,0.1714,0.1071
ctchat_valid_0098,valid_47_a_2.nii.gz,0.1765,0.1714,0.1071
ctchat_valid_0099,valid_48_a_1.nii.gz,0.2299,0.1818,0.1569
ctchat_valid_0100,valid_48_a_2.nii.gz,0.3789,0.3299,0.3119
